"LOCATION","INDICATOR","SUBJECT","MEASURE","FREQUENCY","TIME","Value","Flag Codes"
"AUS","GDP","TOT","USD_CAP","A","1990",17714.713665,
"AUS","GDP","TOT","USD_CAP","A","1991",18033.315946,
"AUS","GDP","TOT","USD_CAP","A","1992",19023.120054,
"AUS","GDP","TOT","USD_CAP","A","1993",20053.919294,
"AUS","GDP","TOT","USD_CAP","A","1994",21247.943484,
"AUS","GDP","TOT","USD_CAP","A","1995",22304.514595,
"AUS","GDP","TOT","USD_CAP","A","1996",23142.364178,
"AUS","GDP","TOT","USD_CAP","A","1997",24287.187601,
"AUS","GDP","TOT","USD_CAP","A","1998",25480.19433,
"AUS","GDP","TOT","USD_CAP","A","1999",26882.923488,
"AUS","GDP","TOT","USD_CAP","A","2000",28107.796685,
"AUS","GDP","TOT","USD_CAP","A","2001",29265.45031,
"AUS","GDP","TOT","USD_CAP","A","2002",30508.407611,
"AUS","GDP","TOT","USD_CAP","A","2003",32002.931332,
"AUS","GDP","TOT","USD_CAP","A","2004",33584.599363,
"AUS","GDP","TOT","USD_CAP","A","2005",35304.810089,
"AUS","GDP","TOT","USD_CAP","A","2006",37408.404549,
"AUS","GDP","TOT","USD_CAP","A","2007",39156.280013,
"AUS","GDP","TOT","USD_CAP","A","2008",39512.077401,
"AUS","GDP","TOT","USD_CAP","A","2009",41065.765176,
"AUS","GDP","TOT","USD_CAP","A","2010",42217.791805,
"AUS","GDP","TOT","USD_CAP","A","2011",43701.741725,
"AUS","GDP","TOT","USD_CAP","A","2012",43081.019141,
"AUS","GDP","TOT","USD_CAP","A","2013",46826.332792,
"AUS","GDP","TOT","USD_CAP","A","2014",46280.721162,
"AUS","GDP","TOT","USD_CAP","A","2015",47186.251049,"E"
"AUT","GDP","TOT","USD_CAP","A","1990",19490.945367,"E"
"AUT","GDP","TOT","USD_CAP","A","1991",20625.873682,"E"
"AUT","GDP","TOT","USD_CAP","A","1992",21301.967845,"E"
"AUT","GDP","TOT","USD_CAP","A","1993",21743.645426,"E"
"AUT","GDP","TOT","USD_CAP","A","1994",22652.44945,"E"
"AUT","GDP","TOT","USD_CAP","A","1995",23705.552539,
"AUT","GDP","TOT","USD_CAP","A","1996",24573.177237,
"AUT","GDP","TOT","USD_CAP","A","1997",25532.165513,
"AUT","GDP","TOT","USD_CAP","A","1998",26728.577864,
"AUT","GDP","TOT","USD_CAP","A","1999",27752.729392,
"AUT","GDP","TOT","USD_CAP","A","2000",29566.257035,
"AUT","GDP","TOT","USD_CAP","A","2001",29856.597844,
"AUT","GDP","TOT","USD_CAP","A","2002",31260.90112,
"AUT","GDP","TOT","USD_CAP","A","2003",32215.068542,
"AUT","GDP","TOT","USD_CAP","A","2004",33811.135145,
"AUT","GDP","TOT","USD_CAP","A","2005",34701.953425,
"AUT","GDP","TOT","USD_CAP","A","2006",37629.304018,
"AUT","GDP","TOT","USD_CAP","A","2007",39235.749762,
"AUT","GDP","TOT","USD_CAP","A","2008",41151.37897,
"AUT","GDP","TOT","USD_CAP","A","2009",40629.345448,
"AUT","GDP","TOT","USD_CAP","A","2010",41904.456878,
"AUT","GDP","TOT","USD_CAP","A","2011",44038.724883,
"AUT","GDP","TOT","USD_CAP","A","2012",45878.259449,
"AUT","GDP","TOT","USD_CAP","A","2013",47428.274594,
"AUT","GDP","TOT","USD_CAP","A","2014",47693.30889,
"AUT","GDP","TOT","USD_CAP","A","2015",48176.967314,
"BEL","GDP","TOT","USD_CAP","A","1990",19051.681114,"E"
"BEL","GDP","TOT","USD_CAP","A","1991",19970.542809,"E"
"BEL","GDP","TOT","USD_CAP","A","1992",20653.799851,"E"
"BEL","GDP","TOT","USD_CAP","A","1993",20860.840996,"E"
"BEL","GDP","TOT","USD_CAP","A","1994",21927.066524,"E"
"BEL","GDP","TOT","USD_CAP","A","1995",22870.729873,
"BEL","GDP","TOT","USD_CAP","A","1996",23276.378843,
"BEL","GDP","TOT","USD_CAP","A","1997",24306.369413,
"BEL","GDP","TOT","USD_CAP","A","1998",24831.870751,
"BEL","GDP","TOT","USD_CAP","A","1999",25931.484819,
"BEL","GDP","TOT","USD_CAP","A","2000",28292.799957,
"BEL","GDP","TOT","USD_CAP","A","2001",29213.836852,
"BEL","GDP","TOT","USD_CAP","A","2002",30775.580303,
"BEL","GDP","TOT","USD_CAP","A","2003",31061.742937,
"BEL","GDP","TOT","USD_CAP","A","2004",31988.285928,
"BEL","GDP","TOT","USD_CAP","A","2005",33057.462141,
"BEL","GDP","TOT","USD_CAP","A","2006",35087.87316,
"BEL","GDP","TOT","USD_CAP","A","2007",36592.354913,
"BEL","GDP","TOT","USD_CAP","A","2008",37857.443881,
"BEL","GDP","TOT","USD_CAP","A","2009",37652.08633,
"BEL","GDP","TOT","USD_CAP","A","2010",39303.240633,
"BEL","GDP","TOT","USD_CAP","A","2011",41118.291654,
"BEL","GDP","TOT","USD_CAP","A","2012",42212.31383,
"BEL","GDP","TOT","USD_CAP","A","2013",43358.902017,
"BEL","GDP","TOT","USD_CAP","A","2014",43698.001983,
"BEL","GDP","TOT","USD_CAP","A","2015",44705.696076,
"CAN","GDP","TOT","USD_CAP","A","1990",20157.007182,
"CAN","GDP","TOT","USD_CAP","A","1991",20137.922739,
"CAN","GDP","TOT","USD_CAP","A","1992",20536.551422,
"CAN","GDP","TOT","USD_CAP","A","1993",21343.347332,
"CAN","GDP","TOT","USD_CAP","A","1994",22534.128415,
"CAN","GDP","TOT","USD_CAP","A","1995",23382.006883,
"CAN","GDP","TOT","USD_CAP","A","1996",23938.058794,
"CAN","GDP","TOT","USD_CAP","A","1997",25138.787213,
"CAN","GDP","TOT","USD_CAP","A","1998",26186.918849,
"CAN","GDP","TOT","USD_CAP","A","1999",27745.751307,
"CAN","GDP","TOT","USD_CAP","A","2000",29267.395693,
"CAN","GDP","TOT","USD_CAP","A","2001",30146.023622,
"CAN","GDP","TOT","USD_CAP","A","2002",30854.823032,
"CAN","GDP","TOT","USD_CAP","A","2003",32221.188728,
"CAN","GDP","TOT","USD_CAP","A","2004",33812.437175,
"CAN","GDP","TOT","USD_CAP","A","2005",36212.643556,
"CAN","GDP","TOT","USD_CAP","A","2006",37956.803716,
"CAN","GDP","TOT","USD_CAP","A","2007",39417.544804,
"CAN","GDP","TOT","USD_CAP","A","2008",40277.618235,
"CAN","GDP","TOT","USD_CAP","A","2009",38746.256398,
"CAN","GDP","TOT","USD_CAP","A","2010",40069.452177,
"CAN","GDP","TOT","USD_CAP","A","2011",41565.258933,
"CAN","GDP","TOT","USD_CAP","A","2012",42143.975015,
"CAN","GDP","TOT","USD_CAP","A","2013",44281.282983,
"CAN","GDP","TOT","USD_CAP","A","2014",45025.021682,
"CAN","GDP","TOT","USD_CAP","A","2015",45388.774814,"E"
"CZE","GDP","TOT","USD_CAP","A","1990",12680.210989,"E"
"CZE","GDP","TOT","USD_CAP","A","1991",11641.17903,"E"
"CZE","GDP","TOT","USD_CAP","A","1992",11835.757168,"E"
"CZE","GDP","TOT","USD_CAP","A","1993",12109.838793,"E"
"CZE","GDP","TOT","USD_CAP","A","1994",12720.522514,"E"
"CZE","GDP","TOT","USD_CAP","A","1995",13800.946915,
"CZE","GDP","TOT","USD_CAP","A","1996",14684.933658,
"CZE","GDP","TOT","USD_CAP","A","1997",14893.367307,
"CZE","GDP","TOT","USD_CAP","A","1998",14968.426066,
"CZE","GDP","TOT","USD_CAP","A","1999",15388.985951,
"CZE","GDP","TOT","USD_CAP","A","2000",16254.830012,
"CZE","GDP","TOT","USD_CAP","A","2001",17637.192878,
"CZE","GDP","TOT","USD_CAP","A","2002",18311.426862,
"CZE","GDP","TOT","USD_CAP","A","2003",19594.558381,
"CZE","GDP","TOT","USD_CAP","A","2004",20964.462534,
"CZE","GDP","TOT","USD_CAP","A","2005",22236.640447,
"CZE","GDP","TOT","USD_CAP","A","2006",24334.794471,
"CZE","GDP","TOT","USD_CAP","A","2007",26618.825244,
"CZE","GDP","TOT","USD_CAP","A","2008",26994.340396,
"CZE","GDP","TOT","USD_CAP","A","2009",26886.380435,
"CZE","GDP","TOT","USD_CAP","A","2010",26959.37802,
"CZE","GDP","TOT","USD_CAP","A","2011",28602.621284,
"CZE","GDP","TOT","USD_CAP","A","2012",28732.003902,
"CZE","GDP","TOT","USD_CAP","A","2013",30053.724768,
"CZE","GDP","TOT","USD_CAP","A","2014",31187.548803,
"CZE","GDP","TOT","USD_CAP","A","2015",32670.912892,
"DNK","GDP","TOT","USD_CAP","A","1990",18776.649137,"E"
"DNK","GDP","TOT","USD_CAP","A","1991",19631.020843,"E"
"DNK","GDP","TOT","USD_CAP","A","1992",20376.172778,"E"
"DNK","GDP","TOT","USD_CAP","A","1993",20769.983418,"E"
"DNK","GDP","TOT","USD_CAP","A","1994",22310.948989,"E"
"DNK","GDP","TOT","USD_CAP","A","1995",23366.694293,
"DNK","GDP","TOT","USD_CAP","A","1996",24456.944715,
"DNK","GDP","TOT","USD_CAP","A","1997",25682.474911,
"DNK","GDP","TOT","USD_CAP","A","1998",26614.918241,
"DNK","GDP","TOT","USD_CAP","A","1999",27548.141065,
"DNK","GDP","TOT","USD_CAP","A","2000",29567.243164,
"DNK","GDP","TOT","USD_CAP","A","2001",30257.265235,
"DNK","GDP","TOT","USD_CAP","A","2002",31597.286026,
"DNK","GDP","TOT","USD_CAP","A","2003",31272.204621,
"DNK","GDP","TOT","USD_CAP","A","2004",33153.104491,
"DNK","GDP","TOT","USD_CAP","A","2005",34082.678365,
"DNK","GDP","TOT","USD_CAP","A","2006",37168.432188,
"DNK","GDP","TOT","USD_CAP","A","2007",38680.680455,
"DNK","GDP","TOT","USD_CAP","A","2008",40842.803551,
"DNK","GDP","TOT","USD_CAP","A","2009",39612.808628,
"DNK","GDP","TOT","USD_CAP","A","2010",41840.945549,
"DNK","GDP","TOT","USD_CAP","A","2011",43318.505007,
"DNK","GDP","TOT","USD_CAP","A","2012",44250.856483,
"DNK","GDP","TOT","USD_CAP","A","2013",45696.835491,
"DNK","GDP","TOT","USD_CAP","A","2014",45999.742732,
"DNK","GDP","TOT","USD_CAP","A","2015",46509.864927,
"FIN","GDP","TOT","USD_CAP","A","1990",17906.253963,
"FIN","GDP","TOT","USD_CAP","A","1991",17313.175397,
"FIN","GDP","TOT","USD_CAP","A","1992",17023.030932,
"FIN","GDP","TOT","USD_CAP","A","1993",17216.727693,
"FIN","GDP","TOT","USD_CAP","A","1994",18197.108875,
"FIN","GDP","TOT","USD_CAP","A","1995",19284.28174,
"FIN","GDP","TOT","USD_CAP","A","1996",19817.809972,
"FIN","GDP","TOT","USD_CAP","A","1997",21572.745225,
"FIN","GDP","TOT","USD_CAP","A","1998",23267.491916,
"FIN","GDP","TOT","USD_CAP","A","1999",24501.645051,
"FIN","GDP","TOT","USD_CAP","A","2000",26465.808244,
"FIN","GDP","TOT","USD_CAP","A","2001",27541.993983,
"FIN","GDP","TOT","USD_CAP","A","2002",28421.224885,
"FIN","GDP","TOT","USD_CAP","A","2003",28816.205645,
"FIN","GDP","TOT","USD_CAP","A","2004",31084.123638,
"FIN","GDP","TOT","USD_CAP","A","2005",32065.142067,
"FIN","GDP","TOT","USD_CAP","A","2006",34502.051684,
"FIN","GDP","TOT","USD_CAP","A","2007",37505.27779,
"FIN","GDP","TOT","USD_CAP","A","2008",39729.652367,
"FIN","GDP","TOT","USD_CAP","A","2009",37534.301579,
"FIN","GDP","TOT","USD_CAP","A","2010",38322.601999,
"FIN","GDP","TOT","USD_CAP","A","2011",40251.144125,
"FIN","GDP","TOT","USD_CAP","A","2012",40437.38879,
"FIN","GDP","TOT","USD_CAP","A","2013",40951.322378,
"FIN","GDP","TOT","USD_CAP","A","2014",40684.161411,
"FIN","GDP","TOT","USD_CAP","A","2015",41265.538709,
"FRA","GDP","TOT","USD_CAP","A","1990",17591.212516,
"FRA","GDP","TOT","USD_CAP","A","1991",18273.660182,
"FRA","GDP","TOT","USD_CAP","A","1992",18895.23994,
"FRA","GDP","TOT","USD_CAP","A","1993",19143.286772,
"FRA","GDP","TOT","USD_CAP","A","1994",19934.969506,
"FRA","GDP","TOT","USD_CAP","A","1995",20700.010454,
"FRA","GDP","TOT","USD_CAP","A","1996",21302.589719,
"FRA","GDP","TOT","USD_CAP","A","1997",22234.43986,
"FRA","GDP","TOT","USD_CAP","A","1998",23336.331083,
"FRA","GDP","TOT","USD_CAP","A","1999",24265.640912,
"FRA","GDP","TOT","USD_CAP","A","2000",25989.467962,
"FRA","GDP","TOT","USD_CAP","A","2001",27445.684572,
"FRA","GDP","TOT","USD_CAP","A","2002",28522.599228,
"FRA","GDP","TOT","USD_CAP","A","2003",28112.784012,
"FRA","GDP","TOT","USD_CAP","A","2004",29048.520522,
"FRA","GDP","TOT","USD_CAP","A","2005",30397.871033,
"FRA","GDP","TOT","USD_CAP","A","2006",32291.072402,
"FRA","GDP","TOT","USD_CAP","A","2007",34060.58563,
"FRA","GDP","TOT","USD_CAP","A","2008",35169.697505,
"FRA","GDP","TOT","USD_CAP","A","2009",34825.471146,
"FRA","GDP","TOT","USD_CAP","A","2010",35920.863546,
"FRA","GDP","TOT","USD_CAP","A","2011",37353.202439,
"FRA","GDP","TOT","USD_CAP","A","2012",37499.310546,
"FRA","GDP","TOT","USD_CAP","A","2013",39236.084961,
"FRA","GDP","TOT","USD_CAP","A","2014",39356.685971,
"FRA","GDP","TOT","USD_CAP","A","2015",40177.968523,"E"
"DEU","GDP","TOT","USD_CAP","A","1990",19049.240883,"E"
"DEU","GDP","TOT","USD_CAP","A","1991",20531.225205,
"DEU","GDP","TOT","USD_CAP","A","1992",21263.111788,
"DEU","GDP","TOT","USD_CAP","A","1993",21442.071961,
"DEU","GDP","TOT","USD_CAP","A","1994",22380.937612,
"DEU","GDP","TOT","USD_CAP","A","1995",23198.715571,
"DEU","GDP","TOT","USD_CAP","A","1996",23786.151596,
"DEU","GDP","TOT","USD_CAP","A","1997",24339.552063,
"DEU","GDP","TOT","USD_CAP","A","1998",25054.819898,
"DEU","GDP","TOT","USD_CAP","A","1999",26013.183125,
"DEU","GDP","TOT","USD_CAP","A","2000",26877.17239,
"DEU","GDP","TOT","USD_CAP","A","2001",28008.413142,
"DEU","GDP","TOT","USD_CAP","A","2002",28753.26454,
"DEU","GDP","TOT","USD_CAP","A","2003",29717.16129,
"DEU","GDP","TOT","USD_CAP","A","2004",31094.446119,
"DEU","GDP","TOT","USD_CAP","A","2005",32632.125434,
"DEU","GDP","TOT","USD_CAP","A","2006",35204.661082,
"DEU","GDP","TOT","USD_CAP","A","2007",37356.47231,
"DEU","GDP","TOT","USD_CAP","A","2008",39079.416009,
"DEU","GDP","TOT","USD_CAP","A","2009",37767.356893,
"DEU","GDP","TOT","USD_CAP","A","2010",40376.60456,
"DEU","GDP","TOT","USD_CAP","A","2011",42941.890313,
"DEU","GDP","TOT","USD_CAP","A","2012",43599.99053,
"DEU","GDP","TOT","USD_CAP","A","2013",44999.392092,
"DEU","GDP","TOT","USD_CAP","A","2014",46393.605736,
"DEU","GDP","TOT","USD_CAP","A","2015",47292.428967,
"GRC","GDP","TOT","USD_CAP","A","1990",13161.159503,"E"
"GRC","GDP","TOT","USD_CAP","A","1991",13903.114665,"E"
"GRC","GDP","TOT","USD_CAP","A","1992",14215.530818,"E"
"GRC","GDP","TOT","USD_CAP","A","1993",14242.361161,"E"
"GRC","GDP","TOT","USD_CAP","A","1994",14769.361656,"E"
"GRC","GDP","TOT","USD_CAP","A","1995",15353.032893,
"GRC","GDP","TOT","USD_CAP","A","1996",16035.533086,
"GRC","GDP","TOT","USD_CAP","A","1997",17059.234577,
"GRC","GDP","TOT","USD_CAP","A","1998",17631.390835,
"GRC","GDP","TOT","USD_CAP","A","1999",18265.367044,
"GRC","GDP","TOT","USD_CAP","A","2000",19285.465645,
"GRC","GDP","TOT","USD_CAP","A","2001",20900.29854,
"GRC","GDP","TOT","USD_CAP","A","2002",22718.60132,
"GRC","GDP","TOT","USD_CAP","A","2003",23806.454116,
"GRC","GDP","TOT","USD_CAP","A","2004",25425.53204,
"GRC","GDP","TOT","USD_CAP","A","2005",25396.158905,
"GRC","GDP","TOT","USD_CAP","A","2006",28272.634014,
"GRC","GDP","TOT","USD_CAP","A","2007",29305.744873,
"GRC","GDP","TOT","USD_CAP","A","2008",31161.468565,
"GRC","GDP","TOT","USD_CAP","A","2009",30652.197774,
"GRC","GDP","TOT","USD_CAP","A","2010",28981.315795,
"GRC","GDP","TOT","USD_CAP","A","2011",26626.232773,
"GRC","GDP","TOT","USD_CAP","A","2012",25980.028106,
"GRC","GDP","TOT","USD_CAP","A","2013",26753.064758,
"GRC","GDP","TOT","USD_CAP","A","2014",26794.843671,
"GRC","GDP","TOT","USD_CAP","A","2015",27368.921241,
"HUN","GDP","TOT","USD_CAP","A","1991",8274.287726,"E"
"HUN","GDP","TOT","USD_CAP","A","1992",8221.067139,"E"
"HUN","GDP","TOT","USD_CAP","A","1993",8392.566225,"E"
"HUN","GDP","TOT","USD_CAP","A","1994",8852.154652,"E"
"HUN","GDP","TOT","USD_CAP","A","1995",9111.039051,
"HUN","GDP","TOT","USD_CAP","A","1996",9398.443011,
"HUN","GDP","TOT","USD_CAP","A","1997",10047.579013,
"HUN","GDP","TOT","USD_CAP","A","1998",10770.703988,
"HUN","GDP","TOT","USD_CAP","A","1999",11237.676511,
"HUN","GDP","TOT","USD_CAP","A","2000",12085.376001,
"HUN","GDP","TOT","USD_CAP","A","2001",13646.538128,
"HUN","GDP","TOT","USD_CAP","A","2002",14918.398276,
"HUN","GDP","TOT","USD_CAP","A","2003",15641.31282,
"HUN","GDP","TOT","USD_CAP","A","2004",16461.948707,
"HUN","GDP","TOT","USD_CAP","A","2005",17314.476053,
"HUN","GDP","TOT","USD_CAP","A","2006",18652.606656,
"HUN","GDP","TOT","USD_CAP","A","2007",19337.166596,
"HUN","GDP","TOT","USD_CAP","A","2008",20810.785168,
"HUN","GDP","TOT","USD_CAP","A","2009",20860.557122,
"HUN","GDP","TOT","USD_CAP","A","2010",21576.706997,
"HUN","GDP","TOT","USD_CAP","A","2011",22603.202681,
"HUN","GDP","TOT","USD_CAP","A","2012",22701.450259,
"HUN","GDP","TOT","USD_CAP","A","2013",24037.170454,
"HUN","GDP","TOT","USD_CAP","A","2014",25060.50525,
"HUN","GDP","TOT","USD_CAP","A","2015",26255.275629,
"ISL","GDP","TOT","USD_CAP","A","1990",21810.074696,"E"
"ISL","GDP","TOT","USD_CAP","A","1991",22208.727279,"E"
"ISL","GDP","TOT","USD_CAP","A","1992",21684.823101,"E"
"ISL","GDP","TOT","USD_CAP","A","1993",22263.838187,"E"
"ISL","GDP","TOT","USD_CAP","A","1994",23361.336556,"E"
"ISL","GDP","TOT","USD_CAP","A","1995",23753.687202,"E"
"ISL","GDP","TOT","USD_CAP","A","1996",24715.427218,"E"
"ISL","GDP","TOT","USD_CAP","A","1997",26664.91952,
"ISL","GDP","TOT","USD_CAP","A","1998",28389.403986,
"ISL","GDP","TOT","USD_CAP","A","1999",29239.963931,
"ISL","GDP","TOT","USD_CAP","A","2000",29606.123988,
"ISL","GDP","TOT","USD_CAP","A","2001",31254.138977,
"ISL","GDP","TOT","USD_CAP","A","2002",31972.113176,
"ISL","GDP","TOT","USD_CAP","A","2003",31754.39337,
"ISL","GDP","TOT","USD_CAP","A","2004",34887.467522,
"ISL","GDP","TOT","USD_CAP","A","2005",35987.011323,
"ISL","GDP","TOT","USD_CAP","A","2006",36662.496668,
"ISL","GDP","TOT","USD_CAP","A","2007",38724.86745,
"ISL","GDP","TOT","USD_CAP","A","2008",41114.605686,
"ISL","GDP","TOT","USD_CAP","A","2009",39818.381954,
"ISL","GDP","TOT","USD_CAP","A","2010",38619.103403,
"ISL","GDP","TOT","USD_CAP","A","2011",39558.431596,
"ISL","GDP","TOT","USD_CAP","A","2012",40277.884636,
"ISL","GDP","TOT","USD_CAP","A","2013",42715.132023,
"ISL","GDP","TOT","USD_CAP","A","2014",43992.755329,
"ISL","GDP","TOT","USD_CAP","A","2015",45587.043519,"E"
"IRL","GDP","TOT","USD_CAP","A","1990",13414.71142,"E"
"IRL","GDP","TOT","USD_CAP","A","1991",14048.553392,"E"
"IRL","GDP","TOT","USD_CAP","A","1992",14728.052972,"E"
"IRL","GDP","TOT","USD_CAP","A","1993",15402.158046,"E"
"IRL","GDP","TOT","USD_CAP","A","1994",16579.656806,"E"
"IRL","GDP","TOT","USD_CAP","A","1995",18477.479409,
"IRL","GDP","TOT","USD_CAP","A","1996",20037.49361,
"IRL","GDP","TOT","USD_CAP","A","1997",22173.598271,
"IRL","GDP","TOT","USD_CAP","A","1998",24493.858768,
"IRL","GDP","TOT","USD_CAP","A","1999",26530.945154,
"IRL","GDP","TOT","USD_CAP","A","2000",29619.362017,
"IRL","GDP","TOT","USD_CAP","A","2001",31793.737872,
"IRL","GDP","TOT","USD_CAP","A","2002",34441.408106,
"IRL","GDP","TOT","USD_CAP","A","2003",36019.198568,
"IRL","GDP","TOT","USD_CAP","A","2004",38172.310008,
"IRL","GDP","TOT","USD_CAP","A","2005",40446.233878,
"IRL","GDP","TOT","USD_CAP","A","2006",44002.741637,
"IRL","GDP","TOT","USD_CAP","A","2007",46722.591109,
"IRL","GDP","TOT","USD_CAP","A","2008",43838.714123,
"IRL","GDP","TOT","USD_CAP","A","2009",41831.70661,
"IRL","GDP","TOT","USD_CAP","A","2010",43253.196273,
"IRL","GDP","TOT","USD_CAP","A","2011",45669.962531,
"IRL","GDP","TOT","USD_CAP","A","2012",46030.18813,
"IRL","GDP","TOT","USD_CAP","A","2013",47563.121605,
"IRL","GDP","TOT","USD_CAP","A","2014",49402.40633,
"IRL","GDP","TOT","USD_CAP","A","2015",54467.35213,"E"
"ITA","GDP","TOT","USD_CAP","A","1990",18272.884513,"E"
"ITA","GDP","TOT","USD_CAP","A","1991",19152.564656,"E"
"ITA","GDP","TOT","USD_CAP","A","1992",19745.072674,"E"
"ITA","GDP","TOT","USD_CAP","A","1993",20030.228685,"E"
"ITA","GDP","TOT","USD_CAP","A","1994",20892.258339,"E"
"ITA","GDP","TOT","USD_CAP","A","1995",21943.360502,
"ITA","GDP","TOT","USD_CAP","A","1996",22645.141021,
"ITA","GDP","TOT","USD_CAP","A","1997",23434.26594,
"ITA","GDP","TOT","USD_CAP","A","1998",24660.154236,
"ITA","GDP","TOT","USD_CAP","A","1999",25158.429215,
"ITA","GDP","TOT","USD_CAP","A","2000",26640.217816,
"ITA","GDP","TOT","USD_CAP","A","2001",28243.957731,
"ITA","GDP","TOT","USD_CAP","A","2002",27878.698241,
"ITA","GDP","TOT","USD_CAP","A","2003",28412.763313,
"ITA","GDP","TOT","USD_CAP","A","2004",28691.636814,
"ITA","GDP","TOT","USD_CAP","A","2005",29540.06488,
"ITA","GDP","TOT","USD_CAP","A","2006",31797.929722,
"ITA","GDP","TOT","USD_CAP","A","2007",33511.782837,
"ITA","GDP","TOT","USD_CAP","A","2008",34924.431492,
"ITA","GDP","TOT","USD_CAP","A","2009",33865.590755,
"ITA","GDP","TOT","USD_CAP","A","2010",34394.14007,
"ITA","GDP","TOT","USD_CAP","A","2011",35464.254907,
"ITA","GDP","TOT","USD_CAP","A","2012",35424.196745,
"ITA","GDP","TOT","USD_CAP","A","2013",35464.981848,
"ITA","GDP","TOT","USD_CAP","A","2014",35419.399075,
"ITA","GDP","TOT","USD_CAP","A","2015",36195.549885,
"JPN","GDP","TOT","USD_CAP","A","1990",19218.153904,"E"
"JPN","GDP","TOT","USD_CAP","A","1991",20436.961591,"E"
"JPN","GDP","TOT","USD_CAP","A","1992",20995.19583,"E"
"JPN","GDP","TOT","USD_CAP","A","1993",21467.558702,"E"
"JPN","GDP","TOT","USD_CAP","A","1994",22082.290584,
"JPN","GDP","TOT","USD_CAP","A","1995",22922.089296,
"JPN","GDP","TOT","USD_CAP","A","1996",23897.353807,
"JPN","GDP","TOT","USD_CAP","A","1997",24635.40672,
"JPN","GDP","TOT","USD_CAP","A","1998",24338.64051,
"JPN","GDP","TOT","USD_CAP","A","1999",24615.473757,
"JPN","GDP","TOT","USD_CAP","A","2000",25940.652078,
"JPN","GDP","TOT","USD_CAP","A","2001",26563.083156,
"JPN","GDP","TOT","USD_CAP","A","2002",27250.725177,
"JPN","GDP","TOT","USD_CAP","A","2003",27959.565221,
"JPN","GDP","TOT","USD_CAP","A","2004",29383.553437,
"JPN","GDP","TOT","USD_CAP","A","2005",30445.637155,
"JPN","GDP","TOT","USD_CAP","A","2006",31794.63418,
"JPN","GDP","TOT","USD_CAP","A","2007",33319.33177,
"JPN","GDP","TOT","USD_CAP","A","2008",33499.886734,
"JPN","GDP","TOT","USD_CAP","A","2009",31860.606854,
"JPN","GDP","TOT","USD_CAP","A","2010",33768.095849,
"JPN","GDP","TOT","USD_CAP","A","2011",34331.617937,
"JPN","GDP","TOT","USD_CAP","A","2012",35738.275135,
"JPN","GDP","TOT","USD_CAP","A","2013",36619.922985,
"JPN","GDP","TOT","USD_CAP","A","2014",36580.605814,
"JPN","GDP","TOT","USD_CAP","A","2015",37121.796144,"E"
"KOR","GDP","TOT","USD_CAP","A","1990",8276.08959,
"KOR","GDP","TOT","USD_CAP","A","1991",9343.913932,
"KOR","GDP","TOT","USD_CAP","A","1992",10042.262052,
"KOR","GDP","TOT","USD_CAP","A","1993",10874.014294,
"KOR","GDP","TOT","USD_CAP","A","1994",12006.373504,
"KOR","GDP","TOT","USD_CAP","A","1995",13295.517044,
"KOR","GDP","TOT","USD_CAP","A","1996",14428.171428,
"KOR","GDP","TOT","USD_CAP","A","1997",15399.085839,
"KOR","GDP","TOT","USD_CAP","A","1998",14608.683729,
"KOR","GDP","TOT","USD_CAP","A","1999",16392.695045,
"KOR","GDP","TOT","USD_CAP","A","2000",18083.126799,
"KOR","GDP","TOT","USD_CAP","A","2001",19189.718852,
"KOR","GDP","TOT","USD_CAP","A","2002",20785.023726,
"KOR","GDP","TOT","USD_CAP","A","2003",21389.382415,
"KOR","GDP","TOT","USD_CAP","A","2004",22968.011291,
"KOR","GDP","TOT","USD_CAP","A","2005",24219.827606,
"KOR","GDP","TOT","USD_CAP","A","2006",25863.190623,
"KOR","GDP","TOT","USD_CAP","A","2007",27871.88879,
"KOR","GDP","TOT","USD_CAP","A","2008",28717.867645,
"KOR","GDP","TOT","USD_CAP","A","2009",28392.778314,
"KOR","GDP","TOT","USD_CAP","A","2010",30465.470739,
"KOR","GDP","TOT","USD_CAP","A","2011",31327.403809,
"KOR","GDP","TOT","USD_CAP","A","2012",32222.880455,
"KOR","GDP","TOT","USD_CAP","A","2013",32663.815673,
"KOR","GDP","TOT","USD_CAP","A","2014",33394.770096,
"KOR","GDP","TOT","USD_CAP","A","2015",34502.24636,"E"
"LUX","GDP","TOT","USD_CAP","A","1990",32078.978884,"E"
"LUX","GDP","TOT","USD_CAP","A","1991",35528.241398,"E"
"LUX","GDP","TOT","USD_CAP","A","1992",36499.616895,"E"
"LUX","GDP","TOT","USD_CAP","A","1993",38389.870295,"E"
"LUX","GDP","TOT","USD_CAP","A","1994",40120.253899,"E"
"LUX","GDP","TOT","USD_CAP","A","1995",40965.356551,"E"
"LUX","GDP","TOT","USD_CAP","A","1996",42373.763744,"E"
"LUX","GDP","TOT","USD_CAP","A","1997",42993.494888,"E"
"LUX","GDP","TOT","USD_CAP","A","1998",45513.659534,"E"
"LUX","GDP","TOT","USD_CAP","A","1999",51652.806336,"E"
"LUX","GDP","TOT","USD_CAP","A","2000",56502.682511,
"LUX","GDP","TOT","USD_CAP","A","2001",56186.404233,
"LUX","GDP","TOT","USD_CAP","A","2002",59352.92517,
"LUX","GDP","TOT","USD_CAP","A","2003",60836.739007,
"LUX","GDP","TOT","USD_CAP","A","2004",65389.763009,
"LUX","GDP","TOT","USD_CAP","A","2005",67002.979634,
"LUX","GDP","TOT","USD_CAP","A","2006",77257.985322,
"LUX","GDP","TOT","USD_CAP","A","2007",82724.286316,
"LUX","GDP","TOT","USD_CAP","A","2008",84920.057285,
"LUX","GDP","TOT","USD_CAP","A","2009",80238.866,
"LUX","GDP","TOT","USD_CAP","A","2010",84498.63511,
"LUX","GDP","TOT","USD_CAP","A","2011",90888.713608,
"LUX","GDP","TOT","USD_CAP","A","2012",90693.649329,
"LUX","GDP","TOT","USD_CAP","A","2013",95587.309012,
"LUX","GDP","TOT","USD_CAP","A","2014",98110.108594,
"LUX","GDP","TOT","USD_CAP","A","2015",100309.456409,
"MEX","GDP","TOT","USD_CAP","A","1990",6609.117501,"E"
"MEX","GDP","TOT","USD_CAP","A","1991",6991.688249,"E"
"MEX","GDP","TOT","USD_CAP","A","1992",7287.063714,"E"
"MEX","GDP","TOT","USD_CAP","A","1993",7484.06646,"E"
"MEX","GDP","TOT","USD_CAP","A","1994",7856.114001,"E"
"MEX","GDP","TOT","USD_CAP","A","1995",7411.08991,"E"
"MEX","GDP","TOT","USD_CAP","A","1996",7820.476991,"E"
"MEX","GDP","TOT","USD_CAP","A","1997",8376.959555,"E"
"MEX","GDP","TOT","USD_CAP","A","1998",8778.244247,"E"
"MEX","GDP","TOT","USD_CAP","A","1999",9134.167831,"E"
"MEX","GDP","TOT","USD_CAP","A","2000",9974.277196,"E"
"MEX","GDP","TOT","USD_CAP","A","2001",10075.799754,"E"
"MEX","GDP","TOT","USD_CAP","A","2002",10318.857895,"E"
"MEX","GDP","TOT","USD_CAP","A","2003",10808.172946,
"MEX","GDP","TOT","USD_CAP","A","2004",11438.330219,
"MEX","GDP","TOT","USD_CAP","A","2005",12341.514467,
"MEX","GDP","TOT","USD_CAP","A","2006",13504.752056,
"MEX","GDP","TOT","USD_CAP","A","2007",14131.626273,
"MEX","GDP","TOT","USD_CAP","A","2008",14743.300126,
"MEX","GDP","TOT","USD_CAP","A","2009",14397.968516,
"MEX","GDP","TOT","USD_CAP","A","2010",15143.266911,
"MEX","GDP","TOT","USD_CAP","A","2011",16366.300712,
"MEX","GDP","TOT","USD_CAP","A","2012",16957.697135,
"MEX","GDP","TOT","USD_CAP","A","2013",16941.20426,
"MEX","GDP","TOT","USD_CAP","A","2014",18135.209859,"E"
"MEX","GDP","TOT","USD_CAP","A","2015",18146.253532,"E"
"NLD","GDP","TOT","USD_CAP","A","1990",18796.855413,"E"
"NLD","GDP","TOT","USD_CAP","A","1991",19736.480236,"E"
"NLD","GDP","TOT","USD_CAP","A","1992",20376.613914,"E"
"NLD","GDP","TOT","USD_CAP","A","1993",20974.563687,"E"
"NLD","GDP","TOT","USD_CAP","A","1994",21924.736511,"E"
"NLD","GDP","TOT","USD_CAP","A","1995",22962.002495,
"NLD","GDP","TOT","USD_CAP","A","1996",24131.905279,
"NLD","GDP","TOT","USD_CAP","A","1997",25657.260732,
"NLD","GDP","TOT","USD_CAP","A","1998",27338.647266,
"NLD","GDP","TOT","USD_CAP","A","1999",28930.575827,
"NLD","GDP","TOT","USD_CAP","A","2000",31535.046018,
"NLD","GDP","TOT","USD_CAP","A","2001",32810.56479,
"NLD","GDP","TOT","USD_CAP","A","2002",33954.4627,
"NLD","GDP","TOT","USD_CAP","A","2003",33744.622722,
"NLD","GDP","TOT","USD_CAP","A","2004",35414.504205,
"NLD","GDP","TOT","USD_CAP","A","2005",37312.874329,
"NLD","GDP","TOT","USD_CAP","A","2006",40828.194201,
"NLD","GDP","TOT","USD_CAP","A","2007",43669.029706,
"NLD","GDP","TOT","USD_CAP","A","2008",46156.041566,
"NLD","GDP","TOT","USD_CAP","A","2009",44398.286351,
"NLD","GDP","TOT","USD_CAP","A","2010",44783.010178,
"NLD","GDP","TOT","USD_CAP","A","2011",46388.500348,
"NLD","GDP","TOT","USD_CAP","A","2012",46457.07366,
"NLD","GDP","TOT","USD_CAP","A","2013",47967.163272,
"NLD","GDP","TOT","USD_CAP","A","2014",48259.05442,
"NLD","GDP","TOT","USD_CAP","A","2015",49544.438881,
"NZL","GDP","TOT","USD_CAP","A","1990",14665.171768,"B"
"NZL","GDP","TOT","USD_CAP","A","1991",14512.490541,
"NZL","GDP","TOT","USD_CAP","A","1992",14867.121199,
"NZL","GDP","TOT","USD_CAP","A","1993",15903.65005,
"NZL","GDP","TOT","USD_CAP","A","1994",17029.007682,
"NZL","GDP","TOT","USD_CAP","A","1995",17804.061914,
"NZL","GDP","TOT","USD_CAP","A","1996",18390.370122,
"NZL","GDP","TOT","USD_CAP","A","1997",19078.50838,
"NZL","GDP","TOT","USD_CAP","A","1998",19285.357376,
"NZL","GDP","TOT","USD_CAP","A","1999",20535.972951,
"NZL","GDP","TOT","USD_CAP","A","2000",21472.121864,
"NZL","GDP","TOT","USD_CAP","A","2001",22387.828097,
"NZL","GDP","TOT","USD_CAP","A","2002",23180.236455,
"NZL","GDP","TOT","USD_CAP","A","2003",23851.987985,
"NZL","GDP","TOT","USD_CAP","A","2004",25000.897831,
"NZL","GDP","TOT","USD_CAP","A","2005",25589.813335,
"NZL","GDP","TOT","USD_CAP","A","2006",27654.267997,
"NZL","GDP","TOT","USD_CAP","A","2007",29298.804863,
"NZL","GDP","TOT","USD_CAP","A","2008",29782.229208,
"NZL","GDP","TOT","USD_CAP","A","2009",30604.977057,
"NZL","GDP","TOT","USD_CAP","A","2010",31182.524033,
"NZL","GDP","TOT","USD_CAP","A","2011",32667.478684,
"NZL","GDP","TOT","USD_CAP","A","2012",32991.255639,
"NZL","GDP","TOT","USD_CAP","A","2013",36947.224198,
"NZL","GDP","TOT","USD_CAP","A","2014",37509.401985,
"NZL","GDP","TOT","USD_CAP","A","2015",37950.751728,"E"
"NOR","GDP","TOT","USD_CAP","A","1990",18257.437971,
"NOR","GDP","TOT","USD_CAP","A","1991",19351.246433,
"NOR","GDP","TOT","USD_CAP","A","1992",20385.035556,
"NOR","GDP","TOT","USD_CAP","A","1993",21334.446544,
"NOR","GDP","TOT","USD_CAP","A","1994",22758.032068,
"NOR","GDP","TOT","USD_CAP","A","1995",24075.638704,
"NOR","GDP","TOT","USD_CAP","A","1996",26575.641579,
"NOR","GDP","TOT","USD_CAP","A","1997",28475.012516,
"NOR","GDP","TOT","USD_CAP","A","1998",27940.85813,
"NOR","GDP","TOT","USD_CAP","A","1999",30407.372325,
"NOR","GDP","TOT","USD_CAP","A","2000",36789.243059,
"NOR","GDP","TOT","USD_CAP","A","2001",37786.987109,
"NOR","GDP","TOT","USD_CAP","A","2002",37734.267934,
"NOR","GDP","TOT","USD_CAP","A","2003",38994.95777,
"NOR","GDP","TOT","USD_CAP","A","2004",43181.362646,
"NOR","GDP","TOT","USD_CAP","A","2005",48359.555035,
"NOR","GDP","TOT","USD_CAP","A","2006",54685.908275,
"NOR","GDP","TOT","USD_CAP","A","2007",56858.934216,
"NOR","GDP","TOT","USD_CAP","A","2008",62434.355557,
"NOR","GDP","TOT","USD_CAP","A","2009",56164.207071,
"NOR","GDP","TOT","USD_CAP","A","2010",58815.973581,
"NOR","GDP","TOT","USD_CAP","A","2011",62737.796038,
"NOR","GDP","TOT","USD_CAP","A","2012",65394.27054,
"NOR","GDP","TOT","USD_CAP","A","2013",66812.216298,
"NOR","GDP","TOT","USD_CAP","A","2014",65705.165834,
"NOR","GDP","TOT","USD_CAP","A","2015",65803.48421,
"POL","GDP","TOT","USD_CAP","A","1990",6125.632194,"E"
"POL","GDP","TOT","USD_CAP","A","1991",5873.425723,"E"
"POL","GDP","TOT","USD_CAP","A","1992",6148.071049,"E"
"POL","GDP","TOT","USD_CAP","A","1993",6521.451778,"E"
"POL","GDP","TOT","USD_CAP","A","1994",7007.066851,"E"
"POL","GDP","TOT","USD_CAP","A","1995",7645.995216,"E"
"POL","GDP","TOT","USD_CAP","A","1996",8285.405307,"E"
"POL","GDP","TOT","USD_CAP","A","1997",8969.073301,"E"
"POL","GDP","TOT","USD_CAP","A","1998",9539.150738,"E"
"POL","GDP","TOT","USD_CAP","A","1999",10110.428348,"E"
"POL","GDP","TOT","USD_CAP","A","2000",10608.627631,"E"
"POL","GDP","TOT","USD_CAP","A","2001",10966.45273,"E"
"POL","GDP","TOT","USD_CAP","A","2002",11591.786803,"E"
"POL","GDP","TOT","USD_CAP","A","2003",12048.054162,"E"
"POL","GDP","TOT","USD_CAP","A","2004",13050.276531,"E"
"POL","GDP","TOT","USD_CAP","A","2005",13808.433489,"E"
"POL","GDP","TOT","USD_CAP","A","2006",15147.288172,"E"
"POL","GDP","TOT","USD_CAP","A","2007",16892.348593,"E"
"POL","GDP","TOT","USD_CAP","A","2008",18050.771798,"E"
"POL","GDP","TOT","USD_CAP","A","2009",19138.799758,"E"
"POL","GDP","TOT","USD_CAP","A","2010",20625.960517,"E"
"POL","GDP","TOT","USD_CAP","A","2011",22249.510532,"E"
"POL","GDP","TOT","USD_CAP","A","2012",23310.217605,"E"
"POL","GDP","TOT","USD_CAP","A","2013",24199.963164,"E"
"POL","GDP","TOT","USD_CAP","A","2014",24952.265882,"E"
"POL","GDP","TOT","USD_CAP","A","2015",26209.982399,"E"
"PRT","GDP","TOT","USD_CAP","A","1990",11171.917426,"E"
"PRT","GDP","TOT","USD_CAP","A","1991",12082.207496,"E"
"PRT","GDP","TOT","USD_CAP","A","1992",12497.290103,"E"
"PRT","GDP","TOT","USD_CAP","A","1993",12519.255101,"E"
"PRT","GDP","TOT","USD_CAP","A","1994",12878.054107,"E"
"PRT","GDP","TOT","USD_CAP","A","1995",13670.857006,
"PRT","GDP","TOT","USD_CAP","A","1996",14182.317272,
"PRT","GDP","TOT","USD_CAP","A","1997",15047.412199,
"PRT","GDP","TOT","USD_CAP","A","1998",15804.459597,
"PRT","GDP","TOT","USD_CAP","A","1999",16806.133844,
"PRT","GDP","TOT","USD_CAP","A","2000",17847.366344,
"PRT","GDP","TOT","USD_CAP","A","2001",18589.010496,
"PRT","GDP","TOT","USD_CAP","A","2002",19331.773785,
"PRT","GDP","TOT","USD_CAP","A","2003",19823.866716,
"PRT","GDP","TOT","USD_CAP","A","2004",20297.536529,
"PRT","GDP","TOT","USD_CAP","A","2005",22072.707119,
"PRT","GDP","TOT","USD_CAP","A","2006",23872.176823,
"PRT","GDP","TOT","USD_CAP","A","2007",25221.476596,
"PRT","GDP","TOT","USD_CAP","A","2008",26095.74068,
"PRT","GDP","TOT","USD_CAP","A","2009",26208.96626,
"PRT","GDP","TOT","USD_CAP","A","2010",26943.008845,
"PRT","GDP","TOT","USD_CAP","A","2011",26932.320085,
"PRT","GDP","TOT","USD_CAP","A","2012",27125.279795,
"PRT","GDP","TOT","USD_CAP","A","2013",27929.922961,
"PRT","GDP","TOT","USD_CAP","A","2014",28759.887122,"E"
"PRT","GDP","TOT","USD_CAP","A","2015",29774.780175,"E"
"SVK","GDP","TOT","USD_CAP","A","1992",6998.873314,"E"
"SVK","GDP","TOT","USD_CAP","A","1993",7276.950839,"E"
"SVK","GDP","TOT","USD_CAP","A","1994",7860.669118,"E"
"SVK","GDP","TOT","USD_CAP","A","1995",8467.473321,
"SVK","GDP","TOT","USD_CAP","A","1996",9203.927868,
"SVK","GDP","TOT","USD_CAP","A","1997",9955.043652,
"SVK","GDP","TOT","USD_CAP","A","1998",10506.826889,
"SVK","GDP","TOT","USD_CAP","A","1999",10569.401407,
"SVK","GDP","TOT","USD_CAP","A","2000",11133.690239,
"SVK","GDP","TOT","USD_CAP","A","2001",12235.146833,
"SVK","GDP","TOT","USD_CAP","A","2002",13132.543554,
"SVK","GDP","TOT","USD_CAP","A","2003",13890.82532,
"SVK","GDP","TOT","USD_CAP","A","2004",14960.534438,
"SVK","GDP","TOT","USD_CAP","A","2005",16481.666881,
"SVK","GDP","TOT","USD_CAP","A","2006",18748.367893,
"SVK","GDP","TOT","USD_CAP","A","2007",21352.113873,
"SVK","GDP","TOT","USD_CAP","A","2008",23727.537513,
"SVK","GDP","TOT","USD_CAP","A","2009",23038.239956,
"SVK","GDP","TOT","USD_CAP","A","2010",24341.677012,
"SVK","GDP","TOT","USD_CAP","A","2011",25168.75326,
"SVK","GDP","TOT","USD_CAP","A","2012",26097.727363,
"SVK","GDP","TOT","USD_CAP","A","2013",27416.167369,
"SVK","GDP","TOT","USD_CAP","A","2014",28326.967426,
"SVK","GDP","TOT","USD_CAP","A","2015",29517.096995,
"ESP","GDP","TOT","USD_CAP","A","1990",13520.682056,"E"
"ESP","GDP","TOT","USD_CAP","A","1991",14301.052235,"E"
"ESP","GDP","TOT","USD_CAP","A","1992",14728.531484,"E"
"ESP","GDP","TOT","USD_CAP","A","1993",14890.863622,"E"
"ESP","GDP","TOT","USD_CAP","A","1994",15542.324028,"E"
"ESP","GDP","TOT","USD_CAP","A","1995",16280.435338,
"ESP","GDP","TOT","USD_CAP","A","1996",17020.013618,
"ESP","GDP","TOT","USD_CAP","A","1997",17954.275848,
"ESP","GDP","TOT","USD_CAP","A","1998",19143.441926,
"ESP","GDP","TOT","USD_CAP","A","1999",20093.077662,
"ESP","GDP","TOT","USD_CAP","A","2000",21712.51831,
"ESP","GDP","TOT","USD_CAP","A","2001",23213.210139,
"ESP","GDP","TOT","USD_CAP","A","2002",24663.910671,
"ESP","GDP","TOT","USD_CAP","A","2003",25331.981268,
"ESP","GDP","TOT","USD_CAP","A","2004",26476.543986,
"ESP","GDP","TOT","USD_CAP","A","2005",27862.939315,
"ESP","GDP","TOT","USD_CAP","A","2006",30886.318164,
"ESP","GDP","TOT","USD_CAP","A","2007",32796.712524,
"ESP","GDP","TOT","USD_CAP","A","2008",33708.163593,
"ESP","GDP","TOT","USD_CAP","A","2009",32793.395141,
"ESP","GDP","TOT","USD_CAP","A","2010",32382.852945,
"ESP","GDP","TOT","USD_CAP","A","2011",32534.562078,
"ESP","GDP","TOT","USD_CAP","A","2012",32240.195212,
"ESP","GDP","TOT","USD_CAP","A","2013",32861.359351,
"ESP","GDP","TOT","USD_CAP","A","2014",33637.58619,
"ESP","GDP","TOT","USD_CAP","A","2015",35056.830337,
"SWE","GDP","TOT","USD_CAP","A","1990",20075.675105,"E"
"SWE","GDP","TOT","USD_CAP","A","1991",20368.152104,"E"
"SWE","GDP","TOT","USD_CAP","A","1992",20469.939116,"E"
"SWE","GDP","TOT","USD_CAP","A","1993",20404.735384,
"SWE","GDP","TOT","USD_CAP","A","1994",21537.38523,
"SWE","GDP","TOT","USD_CAP","A","1995",22751.684153,
"SWE","GDP","TOT","USD_CAP","A","1996",23597.592083,
"SWE","GDP","TOT","USD_CAP","A","1997",24504.506606,
"SWE","GDP","TOT","USD_CAP","A","1998",25550.180598,
"SWE","GDP","TOT","USD_CAP","A","1999",27184.504578,
"SWE","GDP","TOT","USD_CAP","A","2000",29376.722867,
"SWE","GDP","TOT","USD_CAP","A","2001",29818.459149,
"SWE","GDP","TOT","USD_CAP","A","2002",30790.360151,
"SWE","GDP","TOT","USD_CAP","A","2003",32064.867115,
"SWE","GDP","TOT","USD_CAP","A","2004",34259.929254,
"SWE","GDP","TOT","USD_CAP","A","2005",34332.218486,
"SWE","GDP","TOT","USD_CAP","A","2006",37571.147146,
"SWE","GDP","TOT","USD_CAP","A","2007",40560.859917,
"SWE","GDP","TOT","USD_CAP","A","2008",41881.010986,
"SWE","GDP","TOT","USD_CAP","A","2009",39657.30436,
"SWE","GDP","TOT","USD_CAP","A","2010",41756.097308,
"SWE","GDP","TOT","USD_CAP","A","2011",43709.272876,
"SWE","GDP","TOT","USD_CAP","A","2012",44433.606335,
"SWE","GDP","TOT","USD_CAP","A","2013",45067.337658,
"SWE","GDP","TOT","USD_CAP","A","2014",45297.813757,
"SWE","GDP","TOT","USD_CAP","A","2015",46973.619999,
"CHE","GDP","TOT","USD_CAP","A","1990",26416.339552,"E"
"CHE","GDP","TOT","USD_CAP","A","1991",26716.179874,"E"
"CHE","GDP","TOT","USD_CAP","A","1992",27065.377193,"E"
"CHE","GDP","TOT","USD_CAP","A","1993",27493.212126,"E"
"CHE","GDP","TOT","USD_CAP","A","1994",28240.894302,"E"
"CHE","GDP","TOT","USD_CAP","A","1995",28729.226848,
"CHE","GDP","TOT","USD_CAP","A","1996",29430.365266,
"CHE","GDP","TOT","USD_CAP","A","1997",30653.880013,
"CHE","GDP","TOT","USD_CAP","A","1998",31713.828221,
"CHE","GDP","TOT","USD_CAP","A","1999",32260.709527,
"CHE","GDP","TOT","USD_CAP","A","2000",34190.936906,
"CHE","GDP","TOT","USD_CAP","A","2001",35135.302111,
"CHE","GDP","TOT","USD_CAP","A","2002",36133.741468,
"CHE","GDP","TOT","USD_CAP","A","2003",36177.879954,
"CHE","GDP","TOT","USD_CAP","A","2004",37513.287175,
"CHE","GDP","TOT","USD_CAP","A","2005",38916.066793,
"CHE","GDP","TOT","USD_CAP","A","2006",43113.468345,
"CHE","GDP","TOT","USD_CAP","A","2007",47170.125967,
"CHE","GDP","TOT","USD_CAP","A","2008",50225.747752,
"CHE","GDP","TOT","USD_CAP","A","2009",49706.176192,
"CHE","GDP","TOT","USD_CAP","A","2010",51155.822796,
"CHE","GDP","TOT","USD_CAP","A","2011",54550.692599,
"CHE","GDP","TOT","USD_CAP","A","2012",57205.370514,
"CHE","GDP","TOT","USD_CAP","A","2013",59351.41223,
"CHE","GDP","TOT","USD_CAP","A","2014",59535.812012,
"CHE","GDP","TOT","USD_CAP","A","2015",59711.750857,"E"
"TUR","GDP","TOT","USD_CAP","A","1990",5845.674383,"E"
"TUR","GDP","TOT","USD_CAP","A","1991",5994.527219,"E"
"TUR","GDP","TOT","USD_CAP","A","1992",6391.921368,"E"
"TUR","GDP","TOT","USD_CAP","A","1993",6957.098967,"E"
"TUR","GDP","TOT","USD_CAP","A","1994",6612.027523,"E"
"TUR","GDP","TOT","USD_CAP","A","1995",7124.061597,"E"
"TUR","GDP","TOT","USD_CAP","A","1996",7672.039078,"E"
"TUR","GDP","TOT","USD_CAP","A","1997",8284.092962,"E"
"TUR","GDP","TOT","USD_CAP","A","1998",8562.61252,
"TUR","GDP","TOT","USD_CAP","A","1999",8170.907833,
"TUR","GDP","TOT","USD_CAP","A","2000",9174.133115,
"TUR","GDP","TOT","USD_CAP","A","2001",8621.499326,
"TUR","GDP","TOT","USD_CAP","A","2002",8667.034783,
"TUR","GDP","TOT","USD_CAP","A","2003",8807.276238,
"TUR","GDP","TOT","USD_CAP","A","2004",10165.188804,
"TUR","GDP","TOT","USD_CAP","A","2005",11394.035004,
"TUR","GDP","TOT","USD_CAP","A","2006",12896.768248,
"TUR","GDP","TOT","USD_CAP","A","2007",13894.955669,
"TUR","GDP","TOT","USD_CAP","A","2008",15021.362895,
"TUR","GDP","TOT","USD_CAP","A","2009",14490.717748,
"TUR","GDP","TOT","USD_CAP","A","2010",16012.448038,
"TUR","GDP","TOT","USD_CAP","A","2011",17692.266396,
"TUR","GDP","TOT","USD_CAP","A","2012",18437.108225,"E"
"TUR","GDP","TOT","USD_CAP","A","2013",19155.833404,"E"
"TUR","GDP","TOT","USD_CAP","A","2014",19610.303654,"E"
"TUR","GDP","TOT","USD_CAP","A","2015",20395.718153,"E"
"GBR","GDP","TOT","USD_CAP","A","1990",17449.238465,
"GBR","GDP","TOT","USD_CAP","A","1991",17741.092304,
"GBR","GDP","TOT","USD_CAP","A","1992",18180.301323,
"GBR","GDP","TOT","USD_CAP","A","1993",19060.608078,
"GBR","GDP","TOT","USD_CAP","A","1994",20197.764023,
"GBR","GDP","TOT","USD_CAP","A","1995",21079.597176,
"GBR","GDP","TOT","USD_CAP","A","1996",22422.727328,
"GBR","GDP","TOT","USD_CAP","A","1997",23830.445609,
"GBR","GDP","TOT","USD_CAP","A","1998",24578.799885,
"GBR","GDP","TOT","USD_CAP","A","1999",25263.303392,
"GBR","GDP","TOT","USD_CAP","A","2000",27444.049837,
"GBR","GDP","TOT","USD_CAP","A","2001",28824.777721,
"GBR","GDP","TOT","USD_CAP","A","2002",30087.899276,
"GBR","GDP","TOT","USD_CAP","A","2003",31186.856978,
"GBR","GDP","TOT","USD_CAP","A","2004",33103.334355,
"GBR","GDP","TOT","USD_CAP","A","2005",34616.439801,
"GBR","GDP","TOT","USD_CAP","A","2006",36898.001744,
"GBR","GDP","TOT","USD_CAP","A","2007",37505.322926,
"GBR","GDP","TOT","USD_CAP","A","2008",37765.490138,
"GBR","GDP","TOT","USD_CAP","A","2009",36371.405249,
"GBR","GDP","TOT","USD_CAP","A","2010",35884.030126,
"GBR","GDP","TOT","USD_CAP","A","2011",36575.082711,
"GBR","GDP","TOT","USD_CAP","A","2012",37566.557276,
"GBR","GDP","TOT","USD_CAP","A","2013",39124.81048,
"GBR","GDP","TOT","USD_CAP","A","2014",40227.226746,
"GBR","GDP","TOT","USD_CAP","A","2015",40902.716695,
"USA","GDP","TOT","USD_CAP","A","1990",23901.051639,
"USA","GDP","TOT","USD_CAP","A","1991",24352.31728,
"USA","GDP","TOT","USD_CAP","A","1992",25452.468064,
"USA","GDP","TOT","USD_CAP","A","1993",26427.943538,
"USA","GDP","TOT","USD_CAP","A","1994",27741.94834,
"USA","GDP","TOT","USD_CAP","A","1995",28748.705868,
"USA","GDP","TOT","USD_CAP","A","1996",30032.556708,
"USA","GDP","TOT","USD_CAP","A","1997",31537.873959,
"USA","GDP","TOT","USD_CAP","A","1998",32913.403391,
"USA","GDP","TOT","USD_CAP","A","1999",34585.233131,
"USA","GDP","TOT","USD_CAP","A","2000",36419.447022,
"USA","GDP","TOT","USD_CAP","A","2001",37240.15777,
"USA","GDP","TOT","USD_CAP","A","2002",38122.324669,
"USA","GDP","TOT","USD_CAP","A","2003",39606.470171,
"USA","GDP","TOT","USD_CAP","A","2004",41856.5242,
"USA","GDP","TOT","USD_CAP","A","2005",44236.606947,
"USA","GDP","TOT","USD_CAP","A","2006",46368.987143,
"USA","GDP","TOT","USD_CAP","A","2007",47987.494034,
"USA","GDP","TOT","USD_CAP","A","2008",48330.061765,
"USA","GDP","TOT","USD_CAP","A","2009",46929.888686,
"USA","GDP","TOT","USD_CAP","A","2010",48302.083871,
"USA","GDP","TOT","USD_CAP","A","2011",49709.538331,
"USA","GDP","TOT","USD_CAP","A","2012",51368.22311,
"USA","GDP","TOT","USD_CAP","A","2013",52591.882944,
"USA","GDP","TOT","USD_CAP","A","2014",54353.192469,
"USA","GDP","TOT","USD_CAP","A","2015",55797.875284,"E"
"CHL","GDP","TOT","USD_CAP","A","1990",4787.365728,"E"
"CHL","GDP","TOT","USD_CAP","A","1991",5244.175336,"E"
"CHL","GDP","TOT","USD_CAP","A","1992",5915.085633,"E"
"CHL","GDP","TOT","USD_CAP","A","1993",6365.593398,"E"
"CHL","GDP","TOT","USD_CAP","A","1994",6754.033725,"E"
"CHL","GDP","TOT","USD_CAP","A","1995",7498.776985,"E"
"CHL","GDP","TOT","USD_CAP","A","1996",8089.03795,
"CHL","GDP","TOT","USD_CAP","A","1997",8694.780911,
"CHL","GDP","TOT","USD_CAP","A","1998",9026.776047,
"CHL","GDP","TOT","USD_CAP","A","1999",8994.545151,
"CHL","GDP","TOT","USD_CAP","A","2000",9544.278056,
"CHL","GDP","TOT","USD_CAP","A","2001",9968.209351,
"CHL","GDP","TOT","USD_CAP","A","2002",10278.715838,
"CHL","GDP","TOT","USD_CAP","A","2003",10760.326033,
"CHL","GDP","TOT","USD_CAP","A","2004",11706.489387,
"CHL","GDP","TOT","USD_CAP","A","2005",12677.25112,
"CHL","GDP","TOT","USD_CAP","A","2006",15498.273069,
"CHL","GDP","TOT","USD_CAP","A","2007",16703.921648,
"CHL","GDP","TOT","USD_CAP","A","2008",16322.205049,
"CHL","GDP","TOT","USD_CAP","A","2009",16132.375527,
"CHL","GDP","TOT","USD_CAP","A","2010",18165.966605,
"CHL","GDP","TOT","USD_CAP","A","2011",20188.52823,
"CHL","GDP","TOT","USD_CAP","A","2012",21294.735327,
"CHL","GDP","TOT","USD_CAP","A","2013",21366.110242,
"CHL","GDP","TOT","USD_CAP","A","2014",22037.261795,
"CHL","GDP","TOT","USD_CAP","A","2015",22285.615514,
"CHN","GDP","TOT","USD_CAP","A","1990",972.996304,
"CHN","GDP","TOT","USD_CAP","A","1991",1084.429188,
"CHN","GDP","TOT","USD_CAP","A","1992",1252.913587,
"CHN","GDP","TOT","USD_CAP","A","1993",1444.906296,
"CHN","GDP","TOT","USD_CAP","A","1994",1650.083884,
"CHN","GDP","TOT","USD_CAP","A","1995",1850.071232,
"CHN","GDP","TOT","USD_CAP","A","1996",2049.357327,
"CHN","GDP","TOT","USD_CAP","A","1997",2253.98023,
"CHN","GDP","TOT","USD_CAP","A","1998",2435.023124,
"CHN","GDP","TOT","USD_CAP","A","1999",2638.949075,
"CHN","GDP","TOT","USD_CAP","A","2000",2904.407916,
"CHN","GDP","TOT","USD_CAP","A","2001",3194.824627,
"CHN","GDP","TOT","USD_CAP","A","2002",3516.010803,
"CHN","GDP","TOT","USD_CAP","A","2003",3921.819408,
"CHN","GDP","TOT","USD_CAP","A","2004",4409.704347,
"CHN","GDP","TOT","USD_CAP","A","2005",5038.538424,
"CHN","GDP","TOT","USD_CAP","A","2006",5821.46892,
"CHN","GDP","TOT","USD_CAP","A","2007",6789.570052,
"CHN","GDP","TOT","USD_CAP","A","2008",7550.499441,
"CHN","GDP","TOT","USD_CAP","A","2009",8269.961574,
"CHN","GDP","TOT","USD_CAP","A","2010",9216.671969,
"CHN","GDP","TOT","USD_CAP","A","2011",10249.939648,
"CHN","GDP","TOT","USD_CAP","A","2012",11187.063995,
"CHN","GDP","TOT","USD_CAP","A","2013",12166.138172,
"CHN","GDP","TOT","USD_CAP","A","2014",13170.796751,
"COL","GDP","TOT","USD_CAP","A","2000",6603.048632,
"COL","GDP","TOT","USD_CAP","A","2001",6779.693504,
"COL","GDP","TOT","USD_CAP","A","2002",6968.163409,
"COL","GDP","TOT","USD_CAP","A","2003",7293.794061,
"COL","GDP","TOT","USD_CAP","A","2004",7797.230532,
"COL","GDP","TOT","USD_CAP","A","2005",8324.71463,
"COL","GDP","TOT","USD_CAP","A","2006",9046.028458,
"COL","GDP","TOT","USD_CAP","A","2007",9809.877887,
"COL","GDP","TOT","USD_CAP","A","2008",10234.929825,
"COL","GDP","TOT","USD_CAP","A","2009",10359.991318,
"COL","GDP","TOT","USD_CAP","A","2010",10775.871124,
"COL","GDP","TOT","USD_CAP","A","2011",11586.873582,
"COL","GDP","TOT","USD_CAP","A","2012",12130.332739,
"COL","GDP","TOT","USD_CAP","A","2013",12770.969959,"E"
"EST","GDP","TOT","USD_CAP","A","1993",5633.488813,"E"
"EST","GDP","TOT","USD_CAP","A","1994",5790.296859,"E"
"EST","GDP","TOT","USD_CAP","A","1995",6301.947012,
"EST","GDP","TOT","USD_CAP","A","1996",6909.773309,
"EST","GDP","TOT","USD_CAP","A","1997",7966.939508,
"EST","GDP","TOT","USD_CAP","A","1998",8437.103177,
"EST","GDP","TOT","USD_CAP","A","1999",8785.309033,
"EST","GDP","TOT","USD_CAP","A","2000",9677.041897,
"EST","GDP","TOT","USD_CAP","A","2001",10513.796677,
"EST","GDP","TOT","USD_CAP","A","2002",11770.064726,
"EST","GDP","TOT","USD_CAP","A","2003",13194.237103,
"EST","GDP","TOT","USD_CAP","A","2004",14624.168974,
"EST","GDP","TOT","USD_CAP","A","2005",16510.224445,
"EST","GDP","TOT","USD_CAP","A","2006",19243.512238,
"EST","GDP","TOT","USD_CAP","A","2007",21800.300122,
"EST","GDP","TOT","USD_CAP","A","2008",22486.906485,
"EST","GDP","TOT","USD_CAP","A","2009",20188.249049,
"EST","GDP","TOT","USD_CAP","A","2010",21084.229085,
"EST","GDP","TOT","USD_CAP","A","2011",23914.116217,
"EST","GDP","TOT","USD_CAP","A","2012",25872.031022,
"EST","GDP","TOT","USD_CAP","A","2013",27123.971899,
"EST","GDP","TOT","USD_CAP","A","2014",28113.120983,
"EST","GDP","TOT","USD_CAP","A","2015",28939.76794,
"IND","GDP","TOT","USD_CAP","A","2004",2665.06902,
"IND","GDP","TOT","USD_CAP","A","2005",2959.316302,
"IND","GDP","TOT","USD_CAP","A","2006",3285.274724,
"IND","GDP","TOT","USD_CAP","A","2007",3651.604344,
"IND","GDP","TOT","USD_CAP","A","2008",3782.835266,
"IND","GDP","TOT","USD_CAP","A","2009",4158.883768,
"IDN","GDP","TOT","USD_CAP","A","1993",4523.257456,"E"
"IDN","GDP","TOT","USD_CAP","A","1994",4888.207566,"E"
"IDN","GDP","TOT","USD_CAP","A","1995",5324.229273,"E"
"IDN","GDP","TOT","USD_CAP","A","1996",5746.40746,"E"
"IDN","GDP","TOT","USD_CAP","A","1997",6027.278711,"E"
"IDN","GDP","TOT","USD_CAP","A","1998",5214.195546,"E"
"IDN","GDP","TOT","USD_CAP","A","1999",5257.571987,"E"
"IDN","GDP","TOT","USD_CAP","A","2000",5192.637812,"E"
"IDN","GDP","TOT","USD_CAP","A","2001",5428.70863,"E"
"IDN","GDP","TOT","USD_CAP","A","2002",5680.772326,"E"
"IDN","GDP","TOT","USD_CAP","A","2003",5987.474366,"E"
"IDN","GDP","TOT","USD_CAP","A","2004",6372.66211,"E"
"IDN","GDP","TOT","USD_CAP","A","2005",6856.464398,"E"
"IDN","GDP","TOT","USD_CAP","A","2006",7358.969216,"E"
"IDN","GDP","TOT","USD_CAP","A","2007",7931.092012,"E"
"IDN","GDP","TOT","USD_CAP","A","2008",8464.89771,
"IDN","GDP","TOT","USD_CAP","A","2009",8637.561392,
"IDN","GDP","TOT","USD_CAP","A","2010",8432.687923,
"IDN","GDP","TOT","USD_CAP","A","2011",8906.894877,"E"
"IDN","GDP","TOT","USD_CAP","A","2012",9494.283682,"E"
"IDN","GDP","TOT","USD_CAP","A","2013",10051.125535,"E"
"ISR","GDP","TOT","USD_CAP","A","1995",19655.266757,
"ISR","GDP","TOT","USD_CAP","A","1996",20713.467348,
"ISR","GDP","TOT","USD_CAP","A","1997",21377.837648,
"ISR","GDP","TOT","USD_CAP","A","1998",21984.229207,
"ISR","GDP","TOT","USD_CAP","A","1999",22560.553309,
"ISR","GDP","TOT","USD_CAP","A","2000",24865.356929,
"ISR","GDP","TOT","USD_CAP","A","2001",24889.74579,
"ISR","GDP","TOT","USD_CAP","A","2002",25138.411496,
"ISR","GDP","TOT","USD_CAP","A","2003",23708.742166,
"ISR","GDP","TOT","USD_CAP","A","2004",25146.920275,
"ISR","GDP","TOT","USD_CAP","A","2005",24774.040857,
"ISR","GDP","TOT","USD_CAP","A","2006",25640.839754,
"ISR","GDP","TOT","USD_CAP","A","2007",27434.666059,
"ISR","GDP","TOT","USD_CAP","A","2008",27357.902045,
"ISR","GDP","TOT","USD_CAP","A","2009",27571.079672,
"ISR","GDP","TOT","USD_CAP","A","2010",28911.544323,
"ISR","GDP","TOT","USD_CAP","A","2011",30584.882482,
"ISR","GDP","TOT","USD_CAP","A","2012",32006.958489,
"ISR","GDP","TOT","USD_CAP","A","2013",33396.614896,
"ISR","GDP","TOT","USD_CAP","A","2014",33718.209879,
"ISR","GDP","TOT","USD_CAP","A","2015",34086.550034,"E"
"RUS","GDP","TOT","USD_CAP","A","1995",5605.876552,"E"
"RUS","GDP","TOT","USD_CAP","A","1996",5510.286298,"E"
"RUS","GDP","TOT","USD_CAP","A","1997",5691.402575,"E"
"RUS","GDP","TOT","USD_CAP","A","1998",5454.68978,"E"
"RUS","GDP","TOT","USD_CAP","A","1999",5908.14242,"E"
"RUS","GDP","TOT","USD_CAP","A","2000",6818.303149,"E"
"RUS","GDP","TOT","USD_CAP","A","2001",7359.87103,"E"
"RUS","GDP","TOT","USD_CAP","A","2002",8029.097385,
"RUS","GDP","TOT","USD_CAP","A","2003",9253.5556,
"RUS","GDP","TOT","USD_CAP","A","2004",10231.409189,
"RUS","GDP","TOT","USD_CAP","A","2005",11822.34781,
"RUS","GDP","TOT","USD_CAP","A","2006",14916.178065,
"RUS","GDP","TOT","USD_CAP","A","2007",16648.592349,
"RUS","GDP","TOT","USD_CAP","A","2008",20163.604521,
"RUS","GDP","TOT","USD_CAP","A","2009",19386.59964,
"RUS","GDP","TOT","USD_CAP","A","2010",20497.94515,
"RUS","GDP","TOT","USD_CAP","A","2011",22569.809562,
"RUS","GDP","TOT","USD_CAP","A","2012",23524.903044,"E"
"RUS","GDP","TOT","USD_CAP","A","2013",22629.054241,"E"
"SVN","GDP","TOT","USD_CAP","A","1995",13235.004393,
"SVN","GDP","TOT","USD_CAP","A","1996",14024.579989,
"SVN","GDP","TOT","USD_CAP","A","1997",15060.599054,
"SVN","GDP","TOT","USD_CAP","A","1998",15943.047471,
"SVN","GDP","TOT","USD_CAP","A","1999",16991.895426,
"SVN","GDP","TOT","USD_CAP","A","2000",17873.356255,
"SVN","GDP","TOT","USD_CAP","A","2001",18797.761311,
"SVN","GDP","TOT","USD_CAP","A","2002",20122.917935,
"SVN","GDP","TOT","USD_CAP","A","2003",20939.92099,
"SVN","GDP","TOT","USD_CAP","A","2004",22686.517226,
"SVN","GDP","TOT","USD_CAP","A","2005",23883.775394,
"SVN","GDP","TOT","USD_CAP","A","2006",25856.581271,
"SVN","GDP","TOT","USD_CAP","A","2007",27667.555564,
"SVN","GDP","TOT","USD_CAP","A","2008",29588.546113,"B"
"SVN","GDP","TOT","USD_CAP","A","2009",27479.494648,
"SVN","GDP","TOT","USD_CAP","A","2010",27604.553252,
"SVN","GDP","TOT","USD_CAP","A","2011",28513.49925,
"SVN","GDP","TOT","USD_CAP","A","2012",28487.114655,
"SVN","GDP","TOT","USD_CAP","A","2013",29103.253819,
"SVN","GDP","TOT","USD_CAP","A","2014",30405.338188,
"SVN","GDP","TOT","USD_CAP","A","2015",31627.005142,
"ZAF","GDP","TOT","USD_CAP","A","1990",6729.204737,
"ZAF","GDP","TOT","USD_CAP","A","1991",6730.162552,
"ZAF","GDP","TOT","USD_CAP","A","1992",6592.46504,
"ZAF","GDP","TOT","USD_CAP","A","1993",6487.675199,
"ZAF","GDP","TOT","USD_CAP","A","1994",6695.154432,
"ZAF","GDP","TOT","USD_CAP","A","1995",6902.746982,
"ZAF","GDP","TOT","USD_CAP","A","1996",7185.832649,
"ZAF","GDP","TOT","USD_CAP","A","1997",7353.858431,
"ZAF","GDP","TOT","USD_CAP","A","1998",7332.175134,
"ZAF","GDP","TOT","USD_CAP","A","1999",7488.876991,
"ZAF","GDP","TOT","USD_CAP","A","2000",7849.069571,
"ZAF","GDP","TOT","USD_CAP","A","2001",8117.083722,
"ZAF","GDP","TOT","USD_CAP","A","2002",8425.051053,
"ZAF","GDP","TOT","USD_CAP","A","2003",8733.851545,
"ZAF","GDP","TOT","USD_CAP","A","2004",9260.616635,
"ZAF","GDP","TOT","USD_CAP","A","2005",9929.101691,
"ZAF","GDP","TOT","USD_CAP","A","2006",10658.711974,
"ZAF","GDP","TOT","USD_CAP","A","2007",11368.816943,
"ZAF","GDP","TOT","USD_CAP","A","2008",11792.110133,
"ZAF","GDP","TOT","USD_CAP","A","2009",11529.350894,
"ZAF","GDP","TOT","USD_CAP","A","2010",11847.038174,
"ZAF","GDP","TOT","USD_CAP","A","2011",12291.726208,
"ZAF","GDP","TOT","USD_CAP","A","2012",12593.251414,
"ZAF","GDP","TOT","USD_CAP","A","2013",12858.334137,
"ZAF","GDP","TOT","USD_CAP","A","2014",13032.440525,
"DEW","GDP","TOT","USD_CAP","A","1990",21471.478051,
"DEW","GDP","TOT","USD_CAP","A","1991",23020.520005,
"EU28","GDP","TOT","USD_CAP","A","1995",17999.275484,
"EU28","GDP","TOT","USD_CAP","A","1996",18718.953514,
"EU28","GDP","TOT","USD_CAP","A","1997",19555.348052,
"EU28","GDP","TOT","USD_CAP","A","1998",20421.764192,
"EU28","GDP","TOT","USD_CAP","A","1999",21201.751501,
"EU28","GDP","TOT","USD_CAP","A","2000",22591.487808,
"EU28","GDP","TOT","USD_CAP","A","2001",23800.139019,
"EU28","GDP","TOT","USD_CAP","A","2002",24732.245839,
"EU28","GDP","TOT","USD_CAP","A","2003",25362.495147,
"EU28","GDP","TOT","USD_CAP","A","2004",26580.155546,
"EU28","GDP","TOT","USD_CAP","A","2005",27816.448038,
"EU28","GDP","TOT","USD_CAP","A","2006",30141.087367,
"EU28","GDP","TOT","USD_CAP","A","2007",31923.235279,
"EU28","GDP","TOT","USD_CAP","A","2008",33236.984991,
"EU28","GDP","TOT","USD_CAP","A","2009",32449.707321,
"EU28","GDP","TOT","USD_CAP","A","2010",33316.458354,
"EU28","GDP","TOT","USD_CAP","A","2011",34609.985627,
"EU28","GDP","TOT","USD_CAP","A","2012",35100.082512,
"EU28","GDP","TOT","USD_CAP","A","2013",36213.368526,
"EU28","GDP","TOT","USD_CAP","A","2014",36920.427258,
"EU28","GDP","TOT","USD_CAP","A","2015",38543.60398,
"OECD","GDP","TOT","USD_CAP","A","1990",16681.33608,"E"
"OECD","GDP","TOT","USD_CAP","A","1991",17327.401501,"E"
"OECD","GDP","TOT","USD_CAP","A","1992",17964.676806,"E"
"OECD","GDP","TOT","USD_CAP","A","1993",18502.952565,"E"
"OECD","GDP","TOT","USD_CAP","A","1994",19333.312358,"E"
"OECD","GDP","TOT","USD_CAP","A","1995",20076.238414,"E"
"OECD","GDP","TOT","USD_CAP","A","1996",20959.072981,"E"
"OECD","GDP","TOT","USD_CAP","A","1997",21957.35387,"E"
"OECD","GDP","TOT","USD_CAP","A","1998",22694.939285,"E"
"OECD","GDP","TOT","USD_CAP","A","1999",23625.258657,"E"
"OECD","GDP","TOT","USD_CAP","A","2000",25104.474497,"E"
"OECD","GDP","TOT","USD_CAP","A","2001",25929.520807,"E"
"OECD","GDP","TOT","USD_CAP","A","2002",26702.95409,"E"
"OECD","GDP","TOT","USD_CAP","A","2003",27510.571876,"E"
"OECD","GDP","TOT","USD_CAP","A","2004",28996.177958,"E"
"OECD","GDP","TOT","USD_CAP","A","2005",30508.817742,"E"
"OECD","GDP","TOT","USD_CAP","A","2006",32517.060176,"E"
"OECD","GDP","TOT","USD_CAP","A","2007",34071.332075,"E"
"OECD","GDP","TOT","USD_CAP","A","2008",34849.499927,"E"
"OECD","GDP","TOT","USD_CAP","A","2009",33893.64041,"E"
"OECD","GDP","TOT","USD_CAP","A","2010",35107.062543,"E"
"OECD","GDP","TOT","USD_CAP","A","2011",36391.67615,"E"
"OECD","GDP","TOT","USD_CAP","A","2012",37299.080353,"E"
"OECD","GDP","TOT","USD_CAP","A","2013",38343.913414,"E"
"OECD","GDP","TOT","USD_CAP","A","2014",39225.862492,"E"
"OECD","GDP","TOT","USD_CAP","A","2015",40150.066921,"E"
"OECDE","GDP","TOT","USD_CAP","A","1990",16112.0357,"E"
"OECDE","GDP","TOT","USD_CAP","A","1991",16851.967639,"E"
"OECDE","GDP","TOT","USD_CAP","A","1992",17376.575499,"E"
"OECDE","GDP","TOT","USD_CAP","A","1993",17732.10077,"E"
"OECDE","GDP","TOT","USD_CAP","A","1994",18448.844799,"E"
"OECDE","GDP","TOT","USD_CAP","A","1995",19260.555943,"E"
"OECDE","GDP","TOT","USD_CAP","A","1996",20011.22712,"E"
"OECDE","GDP","TOT","USD_CAP","A","1997",20912.174402,"E"
"OECDE","GDP","TOT","USD_CAP","A","1998",21771.440803,"E"
"OECDE","GDP","TOT","USD_CAP","A","1999",22477.972357,"E"
"OECDE","GDP","TOT","USD_CAP","A","2000",24035.707055,
"OECDE","GDP","TOT","USD_CAP","A","2001",25045.524985,
"OECDE","GDP","TOT","USD_CAP","A","2002",25801.272486,
"OECDE","GDP","TOT","USD_CAP","A","2003",26289.757687,
"OECDE","GDP","TOT","USD_CAP","A","2004",27554.259769,
"OECDE","GDP","TOT","USD_CAP","A","2005",28857.262784,
"OECDE","GDP","TOT","USD_CAP","A","2006",31240.1511,
"OECDE","GDP","TOT","USD_CAP","A","2007",32890.757798,
"OECDE","GDP","TOT","USD_CAP","A","2008",34143.035796,
"OECDE","GDP","TOT","USD_CAP","A","2009",33113.44899,
"OECDE","GDP","TOT","USD_CAP","A","2010",34056.738899,
"OECDE","GDP","TOT","USD_CAP","A","2011",35425.647167,
"OECDE","GDP","TOT","USD_CAP","A","2012",35898.660695,"E"
"OECDE","GDP","TOT","USD_CAP","A","2013",36977.729242,"E"
"OECDE","GDP","TOT","USD_CAP","A","2014",37560.789182,"E"
"OECDE","GDP","TOT","USD_CAP","A","2015",38469.61817,"E"
"LVA","GDP","TOT","USD_CAP","A","1995",5960.282136,
"LVA","GDP","TOT","USD_CAP","A","1996",6161.345988,
"LVA","GDP","TOT","USD_CAP","A","1997",6831.557119,
"LVA","GDP","TOT","USD_CAP","A","1998",7502.001391,
"LVA","GDP","TOT","USD_CAP","A","1999",7659.658867,
"LVA","GDP","TOT","USD_CAP","A","2000",8163.713154,
"LVA","GDP","TOT","USD_CAP","A","2001",9027.801791,
"LVA","GDP","TOT","USD_CAP","A","2002",10227.093692,
"LVA","GDP","TOT","USD_CAP","A","2003",11341.862025,
"LVA","GDP","TOT","USD_CAP","A","2004",12512.00986,
"LVA","GDP","TOT","USD_CAP","A","2005",14119.397217,
"LVA","GDP","TOT","USD_CAP","A","2006",16602.522013,
"LVA","GDP","TOT","USD_CAP","A","2007",19015.635373,
"LVA","GDP","TOT","USD_CAP","A","2008",19871.035455,
"LVA","GDP","TOT","USD_CAP","A","2009",17030.3755,
"LVA","GDP","TOT","USD_CAP","A","2010",17412.122407,
"LVA","GDP","TOT","USD_CAP","A","2011",19459.323578,
"LVA","GDP","TOT","USD_CAP","A","2012",21129.310092,
"LVA","GDP","TOT","USD_CAP","A","2013",22557.153251,
"LVA","GDP","TOT","USD_CAP","A","2014",23536.806939,
"LVA","GDP","TOT","USD_CAP","A","2015",24616.408832,
"BRA","GDP","TOT","USD_CAP","A","2000",9139.35626,
"BRA","GDP","TOT","USD_CAP","A","2001",9336.01567,
"BRA","GDP","TOT","USD_CAP","A","2002",9639.488142,
"BRA","GDP","TOT","USD_CAP","A","2003",9822.870858,
"BRA","GDP","TOT","USD_CAP","A","2004",10530.649728,
"BRA","GDP","TOT","USD_CAP","A","2005",11076.152184,
"BRA","GDP","TOT","USD_CAP","A","2006",11734.587781,
"BRA","GDP","TOT","USD_CAP","A","2007",12626.987369,
"BRA","GDP","TOT","USD_CAP","A","2008",13374.795258,
"BRA","GDP","TOT","USD_CAP","A","2009",13304.830573,
"BRA","GDP","TOT","USD_CAP","A","2010",14342.300388,
"BRA","GDP","TOT","USD_CAP","A","2011",15065.354984,
"LTU","GDP","TOT","USD_CAP","A","1995",6180.454949,
"LTU","GDP","TOT","USD_CAP","A","1996",6633.161207,
"LTU","GDP","TOT","USD_CAP","A","1997",7302.470132,
"LTU","GDP","TOT","USD_CAP","A","1998",7990.788641,
"LTU","GDP","TOT","USD_CAP","A","1999",8016.998847,
"LTU","GDP","TOT","USD_CAP","A","2000",8695.52019,
"LTU","GDP","TOT","USD_CAP","A","2001",9664.278403,
"LTU","GDP","TOT","USD_CAP","A","2002",10732.600254,
"LTU","GDP","TOT","USD_CAP","A","2003",12315.713195,
"LTU","GDP","TOT","USD_CAP","A","2004",13251.450012,
"LTU","GDP","TOT","USD_CAP","A","2005",14681.985702,
"LTU","GDP","TOT","USD_CAP","A","2006",16728.967296,
"LTU","GDP","TOT","USD_CAP","A","2007",19277.107819,
"LTU","GDP","TOT","USD_CAP","A","2008",20796.830961,
"LTU","GDP","TOT","USD_CAP","A","2009",18277.903912,
"LTU","GDP","TOT","USD_CAP","A","2010",20085.027782,
"LTU","GDP","TOT","USD_CAP","A","2011",22541.682266,
"LTU","GDP","TOT","USD_CAP","A","2012",24475.132191,
"LTU","GDP","TOT","USD_CAP","A","2013",26511.108714,
"LTU","GDP","TOT","USD_CAP","A","2014",27718.823955,
"LTU","GDP","TOT","USD_CAP","A","2015",28758.189655,
"SAU","GDP","TOT","USD_CAP","A","1990",23062.074783,
"SAU","GDP","TOT","USD_CAP","A","1991",25170.024222,
"SAU","GDP","TOT","USD_CAP","A","1992",26118.260805,
"SAU","GDP","TOT","USD_CAP","A","1993",26001.875027,
"SAU","GDP","TOT","USD_CAP","A","1994",26087.115949,
"SAU","GDP","TOT","USD_CAP","A","1995",26152.550203,
"SAU","GDP","TOT","USD_CAP","A","1996",27120.632463,
"SAU","GDP","TOT","USD_CAP","A","1997",27984.499626,
"SAU","GDP","TOT","USD_CAP","A","1998",28754.959491,
"SAU","GDP","TOT","USD_CAP","A","1999",28477.667103,
"SAU","GDP","TOT","USD_CAP","A","2000",29748.255082,
"SAU","GDP","TOT","USD_CAP","A","2001",29498.924187,
"SAU","GDP","TOT","USD_CAP","A","2002",28707.12795,
"SAU","GDP","TOT","USD_CAP","A","2003",30105.376938,
"SAU","GDP","TOT","USD_CAP","A","2004",32396.730775,
"SAU","GDP","TOT","USD_CAP","A","2005",34629.541869,
"SAU","GDP","TOT","USD_CAP","A","2006",36671.2329,
"SAU","GDP","TOT","USD_CAP","A","2007",39065.979446,
"SAU","GDP","TOT","USD_CAP","A","2008",42450.717921,
"SAU","GDP","TOT","USD_CAP","A","2009",42856.538356,
"SAU","GDP","TOT","USD_CAP","A","2010",44675.372102,
"SAU","GDP","TOT","USD_CAP","A","2011",49229.772522,
"SAU","GDP","TOT","USD_CAP","A","2012",51829.654282,
"SAU","GDP","TOT","USD_CAP","A","2013",52992.897532,
"SAU","GDP","TOT","USD_CAP","A","2014",55161.460508,
"EA19","GDP","TOT","USD_CAP","A","1995",20219.10157,
"EA19","GDP","TOT","USD_CAP","A","1996",20891.375608,
"EA19","GDP","TOT","USD_CAP","A","1997",21757.139935,
"EA19","GDP","TOT","USD_CAP","A","1998",22784.653524,
"EA19","GDP","TOT","USD_CAP","A","1999",23674.551752,
"EA19","GDP","TOT","USD_CAP","A","2000",25119.89861,
"EA19","GDP","TOT","USD_CAP","A","2001",26435.340156,
"EA19","GDP","TOT","USD_CAP","A","2002",27281.806513,
"EA19","GDP","TOT","USD_CAP","A","2003",27782.340814,
"EA19","GDP","TOT","USD_CAP","A","2004",28856.412602,
"EA19","GDP","TOT","USD_CAP","A","2005",30158.599763,
"EA19","GDP","TOT","USD_CAP","A","2006",32636.882323,
"EA19","GDP","TOT","USD_CAP","A","2007",34579.689896,
"EA19","GDP","TOT","USD_CAP","A","2008",35973.032367,
"EA19","GDP","TOT","USD_CAP","A","2009",35009.416331,
"EA19","GDP","TOT","USD_CAP","A","2010",36059.275992,
"EA19","GDP","TOT","USD_CAP","A","2011",37416.513809,
"EA19","GDP","TOT","USD_CAP","A","2012",37687.846737,
"EA19","GDP","TOT","USD_CAP","A","2013",38765.797223,
"EA19","GDP","TOT","USD_CAP","A","2014",39369.559437,
"ARG","GDP","TOT","USD_CAP","A","2004",12466.212036,
"ARG","GDP","TOT","USD_CAP","A","2005",13921.484887,
"ARG","GDP","TOT","USD_CAP","A","2006",15419.356273,
"ARG","GDP","TOT","USD_CAP","A","2007",16939.104004,
"ARG","GDP","TOT","USD_CAP","A","2008",17653.947907,
"ARG","GDP","TOT","USD_CAP","A","2009",17642.47377,
"ARG","GDP","TOT","USD_CAP","A","2010",19324.059054,
"ARG","GDP","TOT","USD_CAP","A","2011",21300.57244,
"ARG","GDP","TOT","USD_CAP","A","2012",21783.28435,
"ARG","GDP","TOT","USD_CAP","A","2013",22816.526805,
"ARG","GDP","TOT","USD_CAP","A","2014",22179.30231,
